"","cca","cawt","hyd","msp5_bryo","biofr","miniacina_miniacea_.r._for","cyanob","biofv","bi","miniacina_sp_.j._for","disporella_novaehollandiae_bryo","msp3_spo","spo","msp15_spo","msp12_spo","sowt","tubulipora_sp_bryo","msp20_spo","msp1_ascs","crisia_elongata_bryo","msp14_bryo","msp4_ascc"
"RUNA1A",27.529,17.1263125,9.609375,8.5965,3.36925,4.486875,2.0514375,3.7865,1.156625,0,1.806375,2.7186875,0.4031875,0,2.233,0.3125,0.635375,1.007,0.9360625,6.0909375,0,0
"RUNA1B",31.345125,15.10975,9.5715,5.07625,4.8349375,4.6866875,1.4620625,4.4249375,2.4798125,0,0.2604375,1.4645625,1.03125,2.69875,0,0.5104375,0.2604375,1.7998125,0.85225,4.10975,0,0.3571875
"RUNA1C",29.7915,15.1948125,3.8430625,5.1305625,8.0494375,1.868625,6.231625,2.235875,0,3.7733125,1.25125,2.9880625,0.3720625,1.084375,4.2895625,0.22325,0.694375,1.0246875,0.431,0.917625,0,0.8064375
"RUNA2A",36.7804375,17.1471875,5.33975,2.43775,5.84475,2.1715,7.626,2.9340625,2.6314375,2.536625,0.443,1.8045,0,0,0.390625,0.3834375,0.1488125,0,0.25,0,0.25,0
"RUNA2B",40.26,14.6406875,3.6900625,9.4245,6.258875,5.6605,2.9020625,2.51725,0.332625,2.8521875,0.145375,0.758375,0,3.41175,1.00175,0.8929375,0,0,1.078875,0,0.34725,0.201625
"RUNA2C",37.15475,13.8433125,7.7498125,5.3600625,5.313625,7.908875,1.2806875,4.314375,1.103875,0.284125,0.5708125,0.5941875,0,0.5245,1.6371875,2.70825,0.201625,0,0.5859375,0,0,0.1953125
"RUNA3A",25.304375,21.809125,3.4456875,6.08375,5.91375,14.890125,0.9881875,3.2908125,0.4886875,1.97525,0.201625,1.1119375,0,1.2335625,1.5611875,0.6280625,0,0,0.4171875,0,0,4.08625
"RUNA3B",32.3658125,15.335625,4.712125,9.94275,6.6916875,6.5530625,1.3613125,2.046375,0.8749375,5.29825,1.3043125,0.8745,0.5894375,1.6361875,2.340125,1.0250625,0.240375,0.2155625,0.208375,0,0.390625,0
"RUNA3C",21.3191875,19.9408125,12.5464375,1.6698125,2.534625,1.5571875,0.3483125,0.4933125,1.8189375,0.3196875,0.135875,1.318125,2.1189375,0.135875,1.7194375,1.090375,0.5200625,3.9015,0.5685625,9.1055,0.1645,1.5085625
"RUNA4A",26.8505,18.3255,5.9240625,13.6515,3.718875,3.6794375,7.24525,2.947875,0.8720625,0.279,0.754875,0.8905625,1.071375,2.4561875,0.2155,0.5218125,2.43575,0,0.7723125,0.87125,0.68825,1.96275
"RUNA4B",20.94375,19.69475,6.0911875,9.336125,5.17875,1.3059375,5.305,0.5235,3.3573125,0.795375,1.5771875,0.48075,1.408125,6.3483125,0.511125,5.398125,0.6334375,0,0.7935625,0.934875,0.3086875,0.9590625
"RUNA4C",24.2185,21.6909375,6.7371875,9.723625,5.182,4.76525,5.962,3.0598125,2.5715625,2.4138125,0.1524375,0.5233125,0.5646875,0.811375,0.9075625,0,0.1785625,0.16025,0.40325,0.2840625,0.8145,0.40325
"RUNA5A",21.0230625,19.007,5.505125,6.9141875,4.8094375,4.435,10.011125,2.0105625,4.1599375,1.048,0.3471875,0.297625,0.640625,1.71625,0.4166875,0.9444375,0.362125,0.627375,0,0.5394375,0.90375,0.3471875
"RUNA5B",29.6678125,23.3725,9.84025,6.105,4.2785,3.5806875,1.476875,1.7608125,2.032375,0.1644375,0.7634375,0.6833125,1.403,1.281875,1.1815,3.451875,0.50775,0.1894375,0,0,0.451,0.706875
"RUNA5C",19.6835625,16.4853125,2.19275,12.475875,4.57925,3.87525,12.039375,4.174625,5.06275,0.325875,2.01025,0.3310625,2.7115625,1.8356875,0.3608125,0.2083125,1.005125,0.31675,0.658125,0.1524375,0.993875,0.7218125
"RUNA6A",34.363125,18.693625,0.7346875,4.674375,2.859375,4.266875,3.6899375,2.6488125,1.3886875,0.68625,2.18225,0.435125,2.600625,1.7694375,0.464375,0.2083125,0.5669375,0.9621875,0,0.65975,0.6733125,0.584625
"RUNA6B",31.9883125,19.5378125,2.625125,2.0829375,5.739375,2.6065625,4.1701875,2.6415625,2.3314375,1.74425,3.099375,0,1.5684375,2.851875,0,0.2083125,2.4965625,0.528875,0.39175,0.4629375,0,0.864
"RUNA6C",38.57,18.645875,3.456125,0.9088125,6.6178125,4.0218125,1.7833125,1.3985625,3.161875,2.9694375,1.518,0.5539375,0.632125,3.4365625,0,1.488625,3.1511875,0.25,1.0768125,0,0,0
"RUNA7A",19.76375,15.41325,5.4119375,11.9191875,2.619375,2.880625,0.4688125,1.8909375,4.009375,4.8081875,0.5929375,1.02825,0.3483125,0.8203125,2.139375,0.4293125,0,0.921125,0,0.6949375,4.546375,0
"RUNA7B",21.350625,17.9691875,6.399125,10.746375,1.525125,4.38075,1.0314375,2.8151875,3.97625,4.028625,0.2913125,1.9469375,2.42975,0.304875,0.3400625,0.6944375,0.3086875,1.2935625,3.03425,0.3966875,0.8939375,0.4559375
"RUNA7C",17.3128125,13.6995,6.7155,10.304,2.0775,3.4400625,1.8285,2.58625,1.384625,2.5718125,3.68875,0.92775,0.52325,0.88825,1.4694375,0.1953125,1.174375,0.42975,1.977375,1.0800625,2.273375,0.625
"RUNA8A",20.2470625,11.67525,1.80925,16.6194375,3.3474375,3.13975,0,1.8833125,1.5565625,6.347625,1.4729375,13.1371875,1.003625,0.78125,0.8596875,0.201625,0.138875,0.6965625,0.15625,0,0.866125,1.435
"RUNA8B",15.26575,11.0421875,2.950875,37.912125,0.986625,3.188375,0.8414375,0.4923125,1.167625,2.21775,0.542125,1.57575,0.1953125,1.3393125,0.138875,0.3253125,2.258875,1.163,1.5378125,0.25,0.6510625,0.2231875
"RUNA8C",15.551,15.907125,6.1141875,10.53425,1.063375,7.325,3.3320625,2.0415625,2.2525625,5.994,0.489625,1.512875,0.875875,2.2095625,0.670375,1.531,0.1563125,1.4748125,1.9419375,0.514125,0,0.6414375
"RUNA9A",20.4555625,13.1235625,6.3439375,4.4916875,2.9636875,3.592625,2.788125,1.808875,4.68175,4.2580625,2.216625,1.5610625,1.844125,4.9095,1.5270625,2.3325625,0.3891875,0.304875,0.367625,0,0.6119375,0.6396875
"RUNA9B",14.51925,15.3260625,3.8721875,30.16,1.24,1.6670625,2.9570625,0.5776875,2.0534375,2.9770625,0.9,1.312,1.454,3.6258125,0.493,1.8315,0.5415625,0.3144375,1.2256875,1.021625,0.628,1.579625
"RUNA9C",24.5634375,13.0325,5.8095625,18.9775625,2.367125,4.1530625,1.2309375,2.200625,1.44475,2.9616875,0.99275,1.33025,0.509875,1.3756875,1.026,0.201625,1.2530625,0.8183125,0.1838125,0.883875,1.0296875,0.6048125
